handle,count,start_date,protected
RepAbraham,1237,2015-01-05 23:01:54,False
RepGaryAckerman,281,2009-11-23 20:11:19,False
RepAdams,8695,2014-12-11 19:54:07,False
AlmaforCongress,1798,2013-07-21 00:27:32,False
RepSandyAdams,303,2010-11-30 18:01:59,False
Robert_Aderholt,2202,2009-09-22 21:16:37,False
aguilarpete,735,2009-05-21 05:04:40,False
AguilarCampaign,209,2016-08-24 16:45:10,False
RepPeteAguilar,1887,2015-02-04 21:01:23,False
SenatorAkaka,387,2011-05-31 21:57:41,False
ToddAkin,808,2011-05-17 23:53:33,False
REPTODDAKlN,11,2012-08-21 20:02:38,False
SenAlexander,8038,2009-09-23 13:58:50,False
LamarAlexander,765,2009-02-23 17:03:33,False
RepRickAllen,2036,2015-01-06 14:45:18,False
rickallen,1440,2011-10-04 22:05:54,False
jasonaltmire,4598,2011-03-04 18:41:16,False
justinamash,17499,2011-01-04 07:09:11,False
teamamash,372,2015-07-05 02:24:01,False
amashoffice,1245,2016-09-10 22:51:32,False
MarkAmodeiNV2,1293,2011-11-01 13:43:55,False
AmodeiForNevada,123,2009-10-27 23:18:32,False
RepArrington,2539,2017-01-03 14:06:44,False
JodeyArrington,670,2015-09-18 21:38:09,False
RepBradAshford,3605,2015-01-06 15:51:29,False
BradAshford18,9795,2009-03-15 14:54:46,False
SteveAustria,357,2009-02-13 19:11:37,True
KellyAyotte,9711,2010-12-22 20:20:15,False
AyotteNH,299,2009-07-21 18:56:30,False
RepBrianBabin,3383,2014-12-18 13:28:53,False
RepJoeBaca,622,2009-05-15 16:38:15,False
MicheleBachmann,4270,2008-12-18 16:10:29,False
TeamBachmann,2093,2008-09-25 03:31:50,False
BachusAL06,532,2009-09-29 22:15:34,False
RepDonBacon,8475,2017-01-11 00:17:40,False
DonJBacon,3405,2015-03-24 01:23:30,False
SenatorBaldwin,14596,2013-01-09 18:29:44,False
tammybaldwin,4861,2009-11-04 19:20:25,False
RepJimBanks,6101,2017-01-03 03:57:24,False
Jim_Banks,9453,2008-05-19 18:42:34,False
RepRonBarber,1911,2012-06-19 00:10:53,False
RonBarberAZ,1234,2012-02-08 19:49:43,False
RepLouBarletta,3075,2011-01-18 16:37:10,False
RepAndyBarr,4276,2013-01-14 15:29:49,False
barrforcongress,1370,2010-02-17 22:04:29,False
RepBarragan,5035,2017-01-05 02:29:18,False
Nanette4CA,4133,2011-05-23 06:38:33,False
SenJohnBarrasso,4842,2010-10-13 14:49:08,False
barrassoforwyo,318,2012-02-21 23:24:33,False
Roscoe_Bartlett,192,2011-12-06 21:07:38,False
RepJoeBarton,2082,2009-02-02 20:30:20,False
RepCharlesBass,1590,2011-01-07 20:35:49,False
RepKarenBass,5709,2011-01-18 20:25:36,False
KarenBassTweets,861,2010-02-11 23:42:18,False
MaxBaucus,234,2011-08-01 16:03:29,False
EvanBayh,619,2016-07-11 13:52:09,False
SenEvanBayh,303,2009-10-05 20:00:57,False
RepBeatty,10000,2013-06-19 17:47:09,False
JoyceBeatty,2540,2012-05-16 16:52:29,False
AGBecerra,6765,2010-04-16 19:04:13,False
XavierBecerra,2824,2012-04-28 14:05:56,False
SenatorBegich,2715,2009-10-20 18:47:19,False
MarkBegich,1177,2008-04-10 19:51:42,False
CongressmanDan,567,2011-01-25 14:54:16,False
Benishek,1676,2010-03-21 20:49:24,False
RepKerryB,1152,2012-11-23 16:41:08,False
KerryB4Congress,190,2012-07-13 19:54:29,False
RepBera,4689,2012-11-16 01:39:54,False
BeraForCongress,1367,2009-06-01 22:15:55,False
RickBergND,276,2011-05-12 18:06:54,False
RepJackBergman,1205,2016-12-31 17:02:01,False
JackBergman_MI1,296,2016-07-09 15:25:08,False
Berkley4Senate,886,2011-04-14 23:14:07,False
RepHowardBerman,158,2010-12-16 15:52:42,False
HowardBerman,295,2011-11-10 00:13:06,False
RepDonBeyer,23179,2015-01-05 22:09:04,False
DonBeyerVA,3160,2014-01-30 20:37:45,False
JoeBiden,4931,2007-03-11 17:51:24,False
JudyBiggert,901,2009-02-23 15:29:03,False
andybiggs4az,1281,2016-02-24 21:09:55,False
RepAndyBiggsAZ,12488,2017-01-04 14:28:51,False
BilbrayCA50,526,2009-07-09 13:31:41,False
brianbilbray,0,2009-07-02 02:01:02,True
RepGusBilirakis,6059,2009-03-23 17:56:32,False
Bilirakis,5,2009-12-07 16:59:06,False
ElectMikeBishop,349,2014-05-09 18:39:54,False
MikeBishopMI,5337,2009-05-05 15:26:20,False
RepRobBishop,0,2010-05-25 16:02:26,False
RobBishopUT,380,2016-03-23 23:28:24,False
SanfordBishop,2146,2011-02-09 00:23:10,False
TimBishopNY,1492,2010-06-09 22:22:18,False
RepDianeBlack,5918,2010-02-01 22:58:22,False
DianeBlackTN,2045,2015-05-29 19:06:02,False
MarshaBlackburn,8524,2011-04-06 18:05:33,False
VoteMarsha,6569,2009-08-05 14:44:11,False
RepRodBlum,2570,2015-01-06 22:59:49,False
RodBlum,1747,2009-07-21 16:31:39,False
BlumforCongress,1107,2013-03-14 22:58:57,False
repblumenauer,4453,2008-08-23 06:38:46,False
SenBlumenthal,14113,2011-04-06 17:13:53,False
DickBlumenthal,243,2010-01-06 20:56:57,False
RoyBlunt,13050,2009-02-19 02:58:03,False
RepLBR,1519,2017-01-05 16:48:47,False
SpeakerBoehner,22688,2007-07-25 14:42:33,False
RepBonamici,6564,2012-04-20 16:30:32,False
MaryBonoUSA,8366,2009-01-27 21:05:44,False
CoryBooker,65563,2008-08-11 14:41:16,False
SenBooker,5942,2013-10-31 19:02:04,False
JohnBoozman,6298,2007-04-27 16:05:52,False
Boozman4AR,1816,2010-02-05 19:18:28,False
danboren,0,2009-06-22 03:33:04,True
RepBost,2343,2015-01-06 19:55:08,False
BostForCongress,572,2014-01-08 17:28:40,False
RepMikeBost,39,2013-04-03 15:54:29,False
LeonardBoswell,185,2009-02-02 03:44:14,False
SenatorBoxer,2229,2008-07-15 16:02:13,False
BarbaraBoxer,4739,2008-08-22 01:39:19,False
RepBrendanBoyle,8237,2010-12-27 16:31:09,False
CongBoyle,4597,2015-11-20 20:17:53,False
RepKevinBrady,13971,2009-02-02 19:57:06,False
bradyfortexas,1863,2012-05-03 14:14:11,False
BruceBraley,6241,2009-04-06 21:08:54,False
DaveBratVA7th,3486,2014-01-06 13:35:12,False
RepJBridenstine,1431,2013-01-15 17:33:38,False
JimBridenstine,2003,2011-01-27 00:32:51,False
RepMoBrooks,3406,2011-01-12 14:46:14,False
mobrooksforsen,76,2017-05-15 11:30:27,False
MoInTheHouse,220,2009-08-24 00:29:51,False
SusanWBrooks,7248,2013-01-09 15:30:38,False
SusanBrooksIN,708,2011-07-28 17:58:19,False
PaulBrounforGA,1289,2010-09-27 21:08:31,False
PaulBrounMD,1581,2009-01-09 19:06:27,False
AnthonyBrownMD4,2108,2013-04-24 21:06:33,False
RepAnthonyBrown,3681,2017-01-23 15:28:24,False
SenScottBrown,6488,2009-03-26 19:02:25,False
SenSherrodBrown,7085,2009-06-01 16:07:45,False
SherrodBrown,6126,2009-03-16 21:01:17,False
JuliaBrownley26,1,2017-10-25 18:15:28,False
JuliaBrownley,653,2009-06-03 00:44:33,False
VernBuchanan,2954,2009-02-09 21:05:19,False
RepKenBuck,2118,2014-11-05 14:49:30,False
BuckForColorado,2070,2009-04-24 15:52:58,False
RepLarryBucshon,5961,2011-01-06 16:45:56,False
DrLarryBucshon,1122,2009-10-08 22:10:16,False
RepTedBudd,2276,2017-01-05 22:39:33,False
buddforcongress,919,2016-04-13 20:49:40,False
annmbuerkle,93,2010-11-22 03:07:42,False
michaelcburgess,6696,2008-08-06 15:25:19,False
SenatorBurr,3985,2009-02-18 01:53:03,False
BurrForSenate,1483,2010-11-08 17:26:29,False
rolandwburris,50,2009-06-30 13:44:51,False
danburton,231,2008-07-10 15:18:46,False
RepCheri,5713,2013-01-15 19:15:03,False
CheriBustos,2847,2011-02-24 22:19:22,False
GKButterfield,6221,2011-12-09 17:17:22,False
RepByrne,15670,2013-12-19 19:42:18,False
BradleyByrne,3751,2009-05-25 20:36:05,False
KenCalvert,6547,2009-03-02 22:30:20,False
TeamCalvert,411,2010-04-29 21:56:33,False
RepJohnCampbell,73,2011-12-09 13:43:59,False
QuicoCanseco,53,2014-04-16 16:15:11,False
EricCantor,7716,2009-01-12 04:57:20,False
GOPLeader,13675,2009-01-29 22:28:48,False
SenatorCantwell,9058,2010-02-25 19:21:52,False
MariaCantwell,833,2009-04-26 21:18:09,False
SenCapito,9691,2010-09-22 18:06:14,False
CapitoforWV,1584,2010-06-23 22:59:25,False
RepLoisCapps,2768,2011-05-04 15:39:31,False
mikecapuano,1237,2009-09-20 13:23:50,False
RepCarbajal,3389,2017-01-03 05:42:06,False
RepCardenas,8333,2013-02-26 16:12:35,False
SenatorCardin,11284,2010-01-27 22:03:53,False
BenCardinforMD,1926,2011-04-06 16:02:24,False
RepCardoza,170,2010-01-22 23:01:03,False
russcarnahan,32,2008-09-09 22:02:04,False
JohnCarneyDE,4591,2011-01-13 15:58:13,False
SenatorCarper,9523,2011-02-09 19:46:42,False
TomCarperforDE,1077,2011-09-28 15:33:14,False
RepAndreCarson,4481,2010-10-06 15:47:50,False
Andre4Congress,597,2011-03-16 18:20:47,False
JudgeCarter,6747,2008-12-10 21:00:58,False
JudgeJohnCarter,3668,2011-11-03 20:15:13,False
RepBuddyCarter,2253,2015-01-12 00:33:43,False
Buddy_Carter,2909,2011-05-09 14:52:58,False
RepCartwright,2602,2012-08-23 20:05:56,False
CartwrightPA,862,2012-01-23 20:37:26,False
SenBobCasey,11103,2010-07-27 18:38:20,False
Bob_Casey,1176,2009-12-02 19:10:41,False
BillCassidy,6684,2009-07-10 22:02:55,False
USRepKCastor,7823,2013-09-18 20:03:57,False
KathyCastorFL,1925,2016-07-21 13:49:20,False
JoaquinCastrotx,16885,2010-12-28 18:41:02,False
Castro4Congress,10421,2011-06-24 20:49:05,False
RepSteveChabot,4057,2011-01-13 15:03:08,False
SteveChabot,410,2009-03-11 15:14:08,False
jasoninthehouse,12206,2008-12-02 04:59:53,False
SaxbyChambliss,861,2012-03-27 14:03:27,False
RepLizCheney,750,2017-01-04 18:55:49,False
Liz_Cheney,2153,2009-12-21 21:06:44,False
ChiesaNews,31,2013-06-27 15:07:39,False
RepJudyChu,6034,2010-09-22 15:18:17,False
JudyChuCampaign,150,2012-08-31 06:13:56,False
davidcicilline,20885,2009-03-10 13:53:21,False
RepCicilline,6815,2012-01-12 16:26:40,False
RepKClark,7084,2014-01-15 18:53:47,False
KatherineClark,2002,2009-03-07 15:27:48,False
HansenClarke,819,2010-05-30 19:03:09,False
RepYvetteClarke,13231,2011-01-20 20:14:21,False
VoteYvette,1425,2012-04-10 13:55:58,False
RepCurtClawson,1185,2014-08-13 19:15:51,False
LacyClayMO1,24372,2012-05-19 16:41:06,False
repcleaver,7787,2010-07-06 19:14:47,False
Vote4Cleaver,1206,2012-09-04 00:09:44,False
HillaryClinton,11693,2013-04-09 18:04:35,False
SenDanCoats,5116,2010-11-05 15:56:49,False
HowardCoble,686,2011-06-10 02:48:54,False
coble4congress,113,2010-03-29 17:49:19,False
TomCoburn,0,2016-07-06 13:29:32,False
CoburnForSenate,657,2009-11-09 20:39:00,False
SenThadCochran,2075,2012-04-16 22:33:23,False
RepMikeCoffman,3675,2009-01-23 19:04:01,False
coffmanforco,521,2010-02-09 17:59:02,False
RepCohen,11624,2010-07-02 15:10:21,False
ReElectCohen,610,2009-04-24 08:56:49,False
TomColeOK04,1943,2009-03-06 21:54:25,False
SenatorColeman,37,2009-05-07 05:20:28,False
normcoleman,1160,2012-10-04 02:10:54,False
RepDougCollins,4857,2013-01-04 13:43:55,False
douglas_collins,2,2020-01-29 12:50:40,False
SenatorCollins,3642,2009-01-29 18:56:59,False
RepComstock,3781,2014-12-20 15:03:37,False
BarbaraComstock,9444,2009-05-03 19:26:14,False
ConawayTX11,1127,2011-05-09 13:56:50,False
GerryConnolly,8162,2009-09-29 23:17:33,False
ElectConnolly,1017,2010-03-23 16:15:45,False
KentConrad,0,2010-07-02 18:58:22,False
RepJohnConyers,3384,2010-04-30 14:49:06,False
johnconyersjr,404,2011-03-14 19:09:16,False
RepPaulCook,1596,2013-01-09 17:43:44,False
ChrisCoons,13868,2008-07-05 11:17:54,False
SenCoonsOffice,2192,2011-12-13 04:02:30,False
repjimcooper,3949,2009-03-02 14:25:32,False
CoopForCongress,1164,2012-06-05 22:29:03,False
SenBobCorker,4288,2009-09-11 03:56:08,False
BobCorker,143,2011-04-16 16:54:25,False
JohnCornyn,36857,2008-02-07 19:52:55,False
TeamCornyn,5399,2013-08-05 15:52:50,False
RepLouCorrea,749,2017-01-02 18:16:08,False
SenCortezMasto,7417,2016-12-20 20:53:22,False
CatherineForNV,1998,2015-04-07 22:20:02,False
RepJimCosta,2839,2011-01-31 18:42:23,False
jerrycostello,51,2013-03-02 07:12:28,False
RyanCostello,1469,2018-04-13 00:37:27,False
SenTomCotton,9390,2012-11-24 19:33:10,False
TomCottonAR,4936,2011-07-26 23:57:10,False
RepJoeCourtney,7632,2009-10-26 19:45:09,False
JoeCourtneyCT,292,2010-08-26 20:01:13,False
SenMoCowan,249,2013-02-05 18:10:17,False
USALarryCraig,0,2010-07-07 16:15:39,True
kevincramer,1776,2009-04-02 02:58:44,False
MikeCrapo,7530,2012-06-05 22:16:35,False
chipcravaack,850,2009-12-19 02:53:28,False
RepRickCrawford,6518,2011-01-03 21:57:49,False
AnderCrenshaw,1157,2009-02-06 01:48:11,False
RepCharlieCrist,2996,2017-01-02 21:16:29,False
CharlieCrist,2821,2009-05-10 01:42:17,False
realMarkCritz,1902,2010-02-28 22:37:27,False
JoeCrowleyNY,6527,2010-02-05 16:39:11,False
SenTedCruz,13645,2013-01-09 18:11:37,False
tedcruz,27273,2009-03-06 03:20:20,False
RepCuellar,5870,2010-11-01 20:20:17,False
johnculberson,3764,2008-05-26 02:46:17,True
RepCummings,6921,2012-08-28 16:37:01,False
ReElectCummings,3331,2013-10-15 03:18:39,False
carloslcurbelo,6222,2014-10-31 14:01:43,False
CursonMI11,146,2012-08-15 21:57:03,False
SteveDaines,6552,2007-12-30 05:52:03,False
DainesforMT,1332,2010-11-12 05:15:26,False
WarrenDavidson,3715,2016-06-14 15:08:44,False
Vote_Davidson,313,2015-12-27 19:22:18,False
RepDannyDavis,3072,2012-08-29 12:31:09,False
RepGeoffDavis,2405,2011-01-17 22:33:06,False
RepSusanDavis,2506,2011-12-09 19:22:25,False
RodneyDavis,6804,2012-12-06 14:20:04,False
ElectRodney,1188,2012-05-20 21:07:52,False
RepPeterDeFazio,1811,2011-02-14 20:20:20,False
RepDianaDeGette,5738,2009-04-03 16:41:06,False
RepJohnDelaney,5553,2012-11-09 20:40:22,False
rosadelauro,7785,2010-05-05 18:11:32,False
Rosa_DeLauro,846,2012-10-20 15:42:46,False
RepDelBene,6474,2012-12-07 14:40:48,False
SuzanDelBene,1655,2009-05-19 22:14:44,False
RepValDemings,8072,2016-11-16 19:36:29,False
val_demings,552,2015-08-05 23:44:16,False
JimDeMint,6681,2007-10-17 22:26:53,False
JeffDenham,1264,2009-02-19 22:23:00,False
RepCharlieDent,2648,2011-01-24 16:58:11,False
DentforCongress,404,2010-04-12 15:37:21,False
repdesantis,0,2018-12-06 17:53:59,False
RonDeSantisFL,2787,2012-02-09 06:41:04,False
RepDeSaulnier,5421,2015-01-08 15:32:13,False
MarkDeSaulnier,613,2009-04-10 16:33:41,False
DesJarlaisTN04,5843,2011-01-07 21:47:44,False
tndesjarlais,368,2009-03-31 00:59:24,False
RepTedDeutch,9957,2010-04-27 19:51:54,False
TedDeutch,1345,2009-08-14 02:40:19,False
TedforCongress,312,2009-10-15 19:45:41,False
MarioDB,8710,2009-05-02 00:52:48,False
JohnDingell,5962,2010-01-27 18:53:50,False
RepDebDingell,4849,2015-01-09 19:15:50,False
DebDingell,420,2014-02-25 21:04:45,False
SenChrisDodd,923,2008-09-16 20:53:20,False
chrisdodd,5,2007-04-09 15:22:09,False
RepLloydDoggett,10011,2010-06-09 23:53:50,False
LloydDoggettTX,1308,2010-07-23 23:50:04,False
RepDold,3530,2011-01-31 16:44:15,False
ROBERTDOLD,1264,2009-08-27 01:26:19,False
SenDonnelly,6140,2010-11-16 22:24:01,False
JoeforIndiana,1532,2011-03-01 03:03:52,False
RepDanDonovan,2052,2015-07-01 19:06:08,False
USRepMikeDoyle,2694,2009-05-11 13:22:08,False
DavidDreierUSA,4,2013-08-20 21:18:40,False
SenDuckworth,7684,2013-01-03 18:59:33,False
TammyforIL,3560,2011-07-03 20:43:44,False
tammyduckworth,2103,2008-12-30 03:22:18,False
RepJeffDuncan,10237,2011-01-19 20:45:16,False
RepJohnDuncanJr,709,2013-09-19 14:50:04,False
DrNealDunnFL2,1933,2017-01-02 16:06:07,False
DunnCampaign,290,2015-08-20 20:16:00,False
SenatorDurbin,17289,2011-02-04 15:50:42,False
DickDurbin,5302,2011-06-01 00:54:26,False
repdonnaedwards,6374,2009-10-15 16:04:37,False
DonnaFEdwards,12192,2012-08-24 19:09:14,False
keithellison,24860,2008-03-12 21:38:12,False
EllisonCampaign,4901,2009-06-09 17:53:24,False
RepReneeEllmers,7537,2010-11-09 12:15:55,False
Ellmers_Renee,9088,2016-07-16 19:48:55,False
JoAnnEmerson,1972,2009-10-19 13:51:30,False
RepTomEmmer,4864,2014-12-10 21:44:52,False
tomemmer,3108,2009-09-08 00:54:53,False
RepEliotEngel,5724,2010-07-07 20:34:17,False
JohnEnsign,361,2008-08-04 21:01:23,False
SenEnsign,107,2010-03-23 18:58:22,True
RepBillEnyart,386,2013-01-07 14:42:39,False
EnyartforIL12,223,2012-06-26 04:52:31,False
SenatorEnzi,4702,2011-05-02 15:26:39,False
EnziforWyo,222,2013-09-09 17:46:57,False
SenJoniErnst,4514,2014-11-02 13:32:54,False
joniernst,2628,2013-04-26 22:53:06,False
RepAnnaEshoo,2735,2011-02-08 21:36:03,False
Eshoo4Congress,297,2012-02-04 07:02:26,False
RepEspaillat,10480,2017-01-05 18:32:15,False
RepRonEstes,1459,2017-04-19 15:15:27,False
RonEstesKS,239,2016-04-19 22:38:33,False
Elizabeth_Esty,6715,2013-01-04 17:36:04,False
RepDwightEvans,20235,2009-11-17 14:25:20,False
DwightEvansPA,6429,2015-10-30 15:15:26,False
farenthold,6481,2008-12-05 12:32:52,False
Elect_Blake,704,2009-11-25 14:07:00,False
RepJohnFaso,986,2017-01-02 14:44:37,False
JohnFasoNy,1514,2015-07-13 20:34:01,False
chakafattah,12823,2009-06-17 19:39:50,False
Fattah4Congress,144,2009-10-23 16:37:30,False
russfeingold,3055,2008-10-14 18:06:35,False
SenFeinstein,10235,2012-01-27 23:06:59,False
DianneFeinstein,542,2011-09-23 14:53:07,False
RepDrewFerguson,1831,2016-12-07 19:39:25,False
DrewFergusonGA,315,2016-02-03 20:43:20,False
RepFincherTN08,2960,2011-02-08 16:24:26,False
StephenFincher,379,2009-09-22 20:49:03,False
VoteFincher,6,2017-10-22 00:35:06,False
SenatorFischer,6354,2013-01-08 16:49:07,False
DebFischerNE,892,2011-06-24 22:41:23,False
RepBrianFitz,1850,2017-01-03 15:20:39,False
BrianFitzUSA,692,2016-02-13 18:11:30,False
RepFitzpatrick,5224,2011-01-14 00:38:49,False
JeffFlake,2865,2008-08-30 17:00:58,False
RepChuck,3327,2011-01-07 15:46:29,False
chuck4congress,1756,2009-06-23 17:16:39,False
RepFleming,1638,2009-10-23 15:42:30,False
RepBillFlores,12129,2011-01-12 15:20:23,False
Flores4Congress,6341,2009-12-16 09:01:54,False
Randy_Forbes,3316,2008-06-18 18:32:37,False
RepRandyForbes,1102,2009-09-03 15:34:29,False
JeffFortenberry,3914,2009-01-09 16:14:19,False
RepBillFoster,4395,2013-01-11 18:17:11,False
Foster4Congress,573,2010-09-08 17:10:54,False
virginiafoxx,4670,2008-09-12 13:30:07,False
foxxforcongress,871,2009-07-30 21:47:03,False
BarneyFrank,226,2013-07-23 01:38:35,False
RepLoisFrankel,7399,2013-01-10 16:58:38,False
LoisFrankel,897,2011-08-05 21:49:18,False
alfranken,3365,2007-07-08 21:48:38,False
SenFranken,3992,2010-07-28 16:11:35,False
RepMarciaFudge,6760,2010-06-08 17:54:06,False
mlfudge,321,2009-01-10 06:56:46,False
TulsiPress,4549,2013-01-05 22:57:50,False
TulsiGabbard,10375,2009-03-26 00:14:32,False
mattgaetz,12627,2009-07-20 20:24:48,False
RepMattGaetz,5841,2017-01-10 22:32:25,False
RepGallagher,3295,2017-01-02 17:02:57,False
MikeforWI,1280,2013-06-30 15:34:55,False
eltongallegly24,396,2009-05-15 19:57:06,True
Pete4TX,853,2014-05-20 20:32:56,False
petegallego,3661,2009-08-26 19:10:29,False
RepRubenGallego,5441,2015-01-07 19:31:08,False
RubenGallego,13703,2009-06-21 03:26:23,False
RepGaramendi,14501,2009-11-10 00:31:12,False
JohnGaramendi,920,2009-01-12 17:25:02,False
JoeGarcia,4474,2007-12-26 09:19:44,False
SenCoryGardner,5607,2011-01-07 17:02:56,False
CoryGardner,1697,2009-02-14 23:33:30,False
Rep_Tom_Garrett,0,2017-07-21 15:40:36,False
RepTomGarrett,1555,2017-01-09 14:14:12,False
RepGarrett,796,2012-11-20 15:44:58,False
RepBobGibbs,3457,2011-01-06 17:17:21,False
RepChrisGibson,1686,2011-01-06 23:23:12,False
ChrisGibsonNY,1213,2010-03-04 21:26:18,False
GabbyGiffords,4920,2009-06-02 18:43:03,False
SenGillibrand,19729,2009-09-07 03:53:24,False
gillibrandny,896,2017-08-22 12:56:39,False
DrPhilGingrey,1885,2009-04-17 18:17:01,False
PhilGingreyMD,949,2013-03-20 14:37:11,False
replouiegohmert,8137,2009-02-26 20:14:28,False
LouieGohmertTX1,103,2016-01-28 23:30:55,False
TX20CharlieG,1036,2011-01-31 21:42:34,False
RepGonzalez,1796,2017-01-09 19:13:21,False
Vicentecongress,788,2015-12-01 20:59:14,False
RepGoodlatte,6250,2009-05-05 13:18:55,False
BobGoodlatte6,260,2013-05-29 16:52:44,False
RepGosar,12576,2011-01-20 17:44:27,False
DrPaulGosar,3196,2017-06-06 17:50:35,False
RepJoshG,5569,2016-12-31 21:35:47,False
JoshGottheimer,2276,2011-12-07 22:45:24,False
TGowdySC,2020,2011-01-12 16:57:04,False
tgowdy,255,2009-03-05 21:35:16,False
GrahamBlog,4231,2008-05-20 13:57:21,False
LindseyGrahamSC,11246,2011-12-09 22:21:03,False
RepKayGranger,2395,2010-07-01 17:14:51,False
ChuckGrassley,8952,2007-11-26 15:17:02,False
GrassleyPress,10049,2011-05-06 15:35:48,False
RepGarretGraves,3904,2014-12-30 17:51:24,False
garretgraves,1265,2012-05-22 00:57:19,False
RepSamGraves,8584,2009-04-08 17:20:43,False
RepTomGraves,4723,2010-09-13 17:36:23,False
TomGravesGA14,1576,2009-03-17 07:02:42,False
AlanGrayson,3761,2009-05-19 01:00:40,False
RepAlGreen,2337,2010-06-16 17:20:23,False
LtGovTimGriffin,8368,2010-10-11 01:14:22,False
TG4Arkansas,5769,2009-12-29 02:49:29,False
RepMGriffith,1654,2011-01-04 19:05:24,False
RepRaulGrijalva,6625,2009-04-03 16:55:32,False
standwithraul,2385,2010-04-21 20:52:45,False
Grimm4Congress,684,2010-02-18 15:04:37,False
RepGrothman,2673,2015-01-13 15:08:48,False
GrothmanforWI,1423,2014-04-08 03:13:20,False
frankguinta,894,2008-11-27 09:45:07,False
RepFrankGuinta,2171,2011-01-11 19:20:05,False
RepGuthrie,996,2013-09-26 14:37:17,False
brettguthrie,764,2010-02-16 01:12:14,False
RepGutierrez,6336,2009-05-01 14:03:50,False
LuisGutierrez,31,2011-06-22 14:11:23,False
kayhagan,1422,2008-07-23 20:59:53,False
SupJaniceHahn,7271,2011-07-21 19:22:22,False
JaniceHahn,598,2009-02-18 01:42:59,False
RalphHallPress,398,2013-02-06 19:35:46,False
RepHanabusa,2625,2011-01-08 01:13:45,False
ColleenHanabusa,3242,2009-04-03 02:15:51,False
karenhandel,3659,2008-07-31 12:14:29,False
RepRichardHanna,3292,2011-01-11 16:34:58,False
RepHardy,1141,2015-01-06 14:08:31,False
SenatorHarkin,2578,2010-02-19 18:47:20,False
GreggHarper,3330,2009-03-11 03:02:52,False
HarperCampaign,147,2009-10-30 00:10:27,False
KamalaHarris,13721,2009-04-11 00:42:07,False
RepAndyHarrisMD,3309,2012-11-20 18:31:27,False
Harris4Congress,65,2010-03-13 16:46:35,False
RepHartzler,7483,2011-01-13 15:38:52,False
VickyH4Congress,326,2016-07-11 19:48:37,False
SenatorHassan,8851,2012-11-13 21:27:37,False
Maggie_Hassan,2521,2011-08-25 00:19:24,False
DocHastings,804,2011-10-31 12:59:01,False
RepHastingsFL,2781,2014-04-08 14:53:21,False
alcee4congress,403,2014-02-17 13:33:15,False
senorrinhatch,12740,2011-03-08 18:04:18,False
OrrinHatch,3256,2008-12-16 19:36:45,False
NanHayworth,20040,2011-01-10 20:43:46,False
RepDennyHeck,4908,2013-01-07 14:55:36,False
DennyHeck,42,2009-08-09 20:35:24,False
MartinHeinrich,8291,2013-01-17 20:24:19,False
TeamHeinrich,3381,2010-08-26 01:56:16,False
SenatorHeitkamp,12385,2013-01-04 17:57:48,False
HeidiHeitkamp,2524,2012-01-10 17:57:11,False
SenDeanHeller,7045,2011-03-14 18:31:08,False
DeanHeller,4893,2009-05-20 14:01:08,False
RepHensarling,1075,2009-01-02 23:08:57,False
HerreraBeutler,1583,2011-01-25 22:36:44,False
JaimeForUSRep,403,2009-12-19 19:17:31,False
CongressmanHice,3992,2015-01-12 18:48:35,False
JodyHice,767,2010-04-06 01:34:45,False
CaptClayHiggins,24,2018-06-25 01:07:40,False
RepClayHiggins,1280,2017-03-20 01:35:02,False
RepBrianHiggins,15343,2009-04-20 16:47:06,False
RepFrenchHill,3605,2014-12-31 23:54:58,False
ElectFrench,775,2013-09-07 03:52:28,False
jahimes,11058,2009-04-16 02:38:33,False
mauricehinchey,0,2009-09-17 21:49:26,False
USRepRHinojosa,2125,2011-01-18 18:13:06,False
Ruben_Hinojosa,270,2011-07-27 01:07:44,False
maziehirono,6065,2009-11-24 03:10:37,False
mazieforhawaii,1503,2010-07-21 19:47:58,False
RepKathyHochul,847,2011-06-14 16:31:52,False
KathyHochul,2526,2010-03-31 17:56:10,False
LtGovHochulNY,7544,2015-01-13 21:03:25,False
SenJohnHoeven,4035,2011-09-30 17:55:30,False
hoeven4senate,424,2010-01-20 14:42:44,False
TimHoldenPA17,26,2010-04-28 01:49:07,False
RepHolding,983,2013-01-03 18:27:36,False
GeorgeHolding,445,2011-07-12 20:03:29,False
RepTrey,841,2016-12-22 17:26:30,False
VoteForTrey,333,2015-08-19 04:05:41,False
RushHolt,938,2010-02-04 18:30:00,False
RepMikeHonda,2961,2008-10-03 20:18:31,False
mikehonda17,1155,2012-03-06 18:28:51,False
RepHorsford,3916,2011-10-13 02:23:25,False
StevenHorsford,2731,2011-02-02 21:26:52,False
StenyHoyer,1323,2011-03-15 17:56:32,False
RepRichHudson,8290,2012-11-08 17:41:00,False
RichHudson,1632,2008-10-20 21:04:40,False
CongHuelskamp,8376,2011-01-04 01:43:06,False
TimHuelskamp,1117,2008-12-11 18:37:18,False
JaredHuffman,13669,2011-07-13 20:49:36,False
RepHuffman,3397,2013-01-08 14:52:00,False
RepHuizenga,7176,2011-01-04 14:01:28,False
billhuizenga,2686,2009-03-11 20:11:05,False
RepHultgren,4973,2011-01-13 18:03:42,False
RandyHultgren,394,2009-09-29 19:00:28,False
HurdOnTheHill,5918,2015-01-06 04:27:18,False
WillHurd,475,2009-09-15 00:25:58,False
RepRobertHurt,2637,2011-01-06 18:01:58,False
RobertHurt,278,2010-01-07 20:10:42,False
kaybaileyhutch,6077,2010-04-15 20:07:44,False
SenHydeSmith,1337,2018-04-09 14:17:47,False
cindyhydesmith,1450,2011-03-07 15:15:33,False
InhofePress,6322,2009-02-10 21:12:51,False
JimInhofe,2971,2007-07-05 14:39:13,False
Daniel_Inouye,2106,2009-07-24 12:38:00,False
JayInslee,6272,2009-02-24 19:54:10,False
GovInslee,7488,2013-01-10 17:38:35,False
SenatorIsakson,6673,2009-09-29 20:09:30,False
JohnnyIsakson,693,2011-02-16 21:35:06,False
RepSteveIsrael,6012,2009-02-03 20:45:30,False
DarrellIssa,21693,2009-03-02 17:39:00,False
TeamIssa,1237,2009-08-07 05:39:34,False
JacksonLeeTX18,10081,2009-10-07 16:13:13,False
TX18CongWOMAN,17,2011-03-12 04:15:38,False
RepJayapal,19629,2017-01-02 01:35:46,False
PramilaJayapal,17149,2010-09-21 20:41:29,False
RepJeffries,3999,2012-01-18 21:54:44,False
EvanJenkinsWV,8,2013-07-31 12:45:47,False
Mike_Johanns,7,2015-01-17 05:51:00,False
SecJohanns,424,2017-08-24 14:43:24,False
RepBillJohnson,6565,2010-11-03 14:33:04,False
JohnsonLeads,1651,2009-10-09 21:32:58,False
RepEBJ,8844,2010-07-19 14:25:48,False
RepHankJohnson,6135,2009-03-16 18:52:49,False
ReElectHank,1449,2009-12-18 03:02:53,False
RepMikeJohnson,3003,2017-02-02 22:17:20,False
RepTimJohnson,284,2011-02-11 17:01:16,False
SamsPressShop,1232,2011-02-08 19:01:18,False
SenJohnsonSD,1365,2011-01-28 21:37:51,False
SenRonJohnson,5632,2011-01-04 00:25:27,False
RonJohnsonWI,6274,2010-05-10 16:05:01,False
USRepDavidJolly,1781,2014-05-07 12:35:31,False
DavidJollyFL,15344,2013-11-06 19:38:58,False
SenDougJones,1344,2017-12-13 22:59:11,False
DougJones,1276,2011-01-17 21:52:04,False
RepWalterJones,2767,2009-03-26 15:50:58,False
Jim_Jordan,4079,2008-12-16 17:20:24,False
Votejimjordan,4,2014-02-11 23:22:37,False
RepDaveJoyce,4916,2012-11-28 21:12:14,False
DaveJoyceOH14,1801,2012-07-31 01:11:19,False
timkaine,10404,2010-07-30 20:00:32,False
RepMarcyKaptur,4751,2012-05-15 16:57:51,False
Marcy_Kaptur,260,2012-02-02 00:59:55,False
RepJohnKatko,1341,2015-01-07 21:51:49,False
usstk,15,2012-12-08 19:21:46,False
USRepKeating,1534,2011-01-01 23:58:47,False
WilliamKeating,996,2009-12-09 01:28:57,False
MikeKellyPA,2964,2012-11-08 20:31:21,False
MikeKellyforPA,403,2010-02-12 23:43:53,False
RepRobinKelly,5108,2013-04-09 19:02:01,False
RobinLynneKelly,7711,2009-05-06 21:46:47,False
RepTrentKelly,2091,2015-06-10 19:56:03,False
Robin42CD,0,2017-11-27 16:46:13,False
RepJoeKennedy,6158,2013-01-02 19:33:36,False
joekennedy,3964,2012-01-12 03:31:32,False
SenJohnKennedy,2107,2017-01-04 16:30:40,False
JohnKennedyLA,494,2009-03-25 21:18:45,False
JohnKerry,2648,2008-06-04 16:51:10,False
RepRoKhanna,8505,2017-01-03 15:03:23,False
RoKhanna,17154,2012-08-21 09:10:20,False
RoKhannaUSA,1,2017-05-25 18:18:58,False
RepKihuen,3265,2017-01-03 13:56:16,False
RubenKihuen,5960,2010-01-05 22:01:30,False
RepDanKildee,7120,2012-12-29 15:05:47,False
dankildee,1475,2009-01-06 13:39:10,False
RepDerekKilmer,4299,2013-01-03 22:15:02,False
DerekKilmer,415,2010-03-06 17:44:32,False
RepRonKind,1671,2010-02-09 15:14:02,False
KindforCongress,2277,2010-06-15 21:48:28,False
RepPeteKing,3097,2008-12-21 02:49:32,False
congpeteking,0,2019-06-21 23:13:57,False
SenAngusKing,4760,2013-01-07 14:52:27,False
AngusKing2018,11,2013-01-07 15:14:20,False
SteveKingIA,3081,2009-06-17 21:09:41,False
JackKingston,6593,2009-04-30 12:52:55,False
RepKinzinger,8363,2010-11-24 21:04:11,False
AdamKinzinger,1780,2008-12-09 22:09:35,False
SenatorKirk,6581,2010-11-03 17:51:13,False
MarkKirk,2872,2009-01-13 16:55:53,False
Ann_Kirkpatrick,1239,2011-03-25 16:32:15,False
repjohnkline,3039,2009-09-22 14:43:45,False
Kline4Congress,958,2009-09-09 02:15:01,False
amyklobuchar,11843,2009-04-20 14:59:36,False
SenAmyKlobuchar,756,2009-02-26 18:50:05,False
SteveKnight25,1266,2015-01-12 13:24:19,False
Knight4Congress,180,2014-04-26 22:34:40,False
UnofficialSK,62,2014-11-06 20:07:27,False
CongressmanRaja,5400,2016-12-28 18:39:42,False
RajaForCongress,1898,2009-08-03 23:08:33,False
Dennis_Kucinich,2179,2008-06-05 20:00:10,False
RepKucinich,607,2009-10-26 14:05:48,False
RepAnnieKuster,5650,2013-01-03 20:29:22,False
AnnMcLaneKuster,1726,2009-11-14 18:31:57,False
RepDavidKustoff,1877,2017-01-02 20:03:46,False
DavidKustoff,348,2011-06-14 21:20:06,False
SenJonKyl,146,2009-03-17 16:15:00,False
Raul_Labrador,2205,2011-02-02 16:26:52,False
RaulLabrador4ID,1018,2009-07-15 06:21:27,False
RepLaHood,2353,2015-09-17 14:16:48,False
ElectLaHood,509,2015-03-26 00:49:34,False
RepLaMalfa,1770,2013-01-07 20:07:58,False
DougLaMalfa,4809,2009-01-31 07:48:50,True
ConorLambPA,614,2017-04-21 02:02:13,False
RepConorLamb,469,2018-04-12 15:42:03,False
RepDLamborn,5437,2012-05-18 16:01:17,False
DougLambornCD5,30,2012-05-18 13:18:57,False
RepLanceNJ7,1879,2012-06-20 20:19:40,False
LeonardLanceNJ7,236,2012-01-31 11:18:09,False
SenLandrieu,1314,2011-11-15 22:40:40,False
MaryLandrieu,2984,2012-11-13 00:55:32,False
JeffLandry,2403,2011-01-07 19:05:00,False
LandryForLA,1177,2010-01-29 12:58:44,False
JimLangevin,12218,2009-01-12 18:36:58,False
SenatorLankford,7478,2010-12-12 20:33:07,False
jameslankford,3016,2009-03-27 16:54:33,False
RepRickLarsen,10836,2011-11-03 13:59:42,False
larsenrick,2957,2010-06-22 22:55:46,False
RepJohnLarson,4674,2009-06-24 21:47:31,False
JohnLarsonCT,1601,2010-06-14 14:58:25,False
TomLatham,1347,2007-11-09 16:09:46,False
LaTourette,52,2009-01-28 20:45:29,False
boblatta,7813,2008-07-11 18:33:24,False
latta4congress,1933,2009-11-30 06:28:16,False
FrankLautenberg,1805,2010-04-20 22:36:00,False
Lautenberg4NJ,99,2012-08-28 13:54:06,False
RepLawrence,5760,2014-11-05 18:46:39,False
BrendaLLawrence,4755,2009-07-06 19:10:55,False
RepAlLawsonJr,1537,2017-01-09 15:00:05,False
AlLawsonJr,1007,2009-11-07 22:48:38,False
SenatorLeahy,16859,2011-01-25 18:20:07,False
PatrickLeahy,251,2016-02-16 20:13:53,False
RepBarbaraLee,11370,2011-02-07 16:28:28,False
BLeeForCongress,6317,2011-11-17 01:52:10,False
SenMikeLee,5285,2009-11-09 22:47:47,False
MikeLeeforUtah,364,2013-10-30 14:46:26,False
George_LeMieux,2423,2009-01-21 01:17:58,False
repsandylevin,3254,2009-03-22 04:32:56,False
Levin4Congress,102,2012-07-19 17:36:47,False
SenCarlLevin,1196,2009-12-01 01:44:01,False
RepJerryLewis,243,2009-09-25 16:24:06,False
repjohnlewis,2009,2009-04-07 13:49:52,False
JoeLieberman,745,2009-10-21 18:28:29,False
RepTedLieu,5944,2015-02-19 20:08:54,False
tedlieu,25472,2009-02-17 03:12:31,False
blanche4senate,1779,2009-11-05 15:40:37,False
RepLipinski,3962,2012-12-13 17:03:06,False
daveloebsack,1425,2012-03-01 16:52:06,False
DaveForIowa,456,2012-05-18 03:02:27,False
RepZoeLofgren,2721,2011-03-17 21:06:21,False
ZoeLofgren,159,2018-04-24 19:13:26,False
USRepLong,9530,2013-05-20 15:02:21,False
auctnr1,82765,2009-02-22 15:38:43,False
RepLoudermilk,2777,2014-12-10 18:53:17,False
standwithbarry,1881,2012-05-21 02:56:05,False
MiaBLove,2415,2011-07-27 04:54:12,False
RepLowenthal,6113,2013-01-02 18:11:33,False
alanlowenthal,1117,2012-04-24 18:14:05,False
NitaLowey,4641,2010-12-01 16:36:35,False
RepFrankLucas,1391,2011-01-25 15:24:07,False
FrankDLucas,265,2011-10-11 18:25:37,False
LuetkemeyerB,747,2014-05-20 03:52:39,False
RepBlaine,2267,2013-09-09 19:53:08,False
repbenraylujan,4621,2009-01-22 01:00:32,False
RepLujanGrisham,6115,2013-01-04 20:46:03,False
Michelle4NM,3916,2011-09-05 18:02:01,False
CynthiaLummis,1580,2009-03-04 20:44:59,False
RepDanLungren,464,2011-09-26 21:59:25,False
dan_lungren,53,2010-01-06 17:07:03,False
RepStephenLynch,4564,2011-06-03 14:48:36,False
RepLynch,623,2010-04-08 17:34:25,False
RepTomMacArthur,2173,2015-01-05 23:22:19,False
tmac4congress,553,2014-02-14 14:52:15,False
ConnieMackIV,2210,2009-03-06 21:29:31,False
RepConnieMack,932,2009-09-01 19:03:15,False
DanMaffeiNY,306,2011-06-18 13:09:15,False
DanMaffei,15,2009-04-05 00:29:16,False
RepMaloney,13577,2011-02-28 19:06:50,False
CarolynBMaloney,5260,2010-03-03 02:55:17,False
RepSeanMaloney,7137,2013-01-09 01:00:33,False
MaloneyforNY,307,2018-06-01 13:50:34,False
Sen_JoeManchin,7522,2011-01-05 14:13:33,False
JoeManchinWV,900,2010-02-11 14:02:47,False
RepKenMarchant,5173,2009-03-12 16:19:18,False
SenMarkey,15838,2009-02-20 15:49:29,False
EdMarkey,4100,2013-01-28 19:40:18,False
RepMarshall,0,2016-07-11 04:49:49,False
RogerMarshallMD,3119,2013-03-03 23:50:35,False
MelMartinez,42,2009-01-16 20:25:51,False
RepThomasMassie,6964,2012-11-28 02:33:14,False
Thomas_Massie,1576,2009-07-10 02:23:43,False
RepBrianMast,2974,2016-12-28 13:41:21,False
BrianMastFL,1083,2015-04-24 05:54:35,False
RepJimMatheson,1175,2009-06-10 02:35:22,False
DorisMatsui,3732,2009-05-06 19:20:50,False
Matsui4Congress,888,2010-07-22 02:39:58,False
Vance4Louisiana,42,2014-08-27 20:39:09,False
VanceMcAllister,10,2013-09-03 15:28:32,False
SenJohnMcCain,14408,2009-01-23 13:42:31,False
GOPLeader,13675,2009-01-29 22:28:48,False
kevinomccarthy,1115,2008-07-14 15:59:49,False
RepMcCarthyNY,186,2010-06-01 17:15:15,False
carolynmccarthy,230,2011-03-21 23:06:51,False
clairecmc,8078,2008-09-06 20:20:45,False
McCaskillOffice,6452,2009-07-15 16:40:06,False
RepMcCaul,4929,2009-03-25 03:54:11,False
McCaulforTexas,2355,2012-08-07 19:43:45,False
RepMcClintock,657,2009-06-24 00:21:07,False
tommcclintock,598,2008-08-08 03:48:37,False
BettyMcCollum04,8870,2012-03-06 20:52:11,False
McConnellPress,13614,2011-07-21 18:25:30,False
senatemajldr,4208,2013-03-07 20:21:15,False
ThadMcCotter,13964,2007-08-30 20:13:27,False
RepJimMcDermott,1886,2010-04-12 15:27:16,False
jimacmcdermott,1571,2011-01-05 14:19:56,False
RepMcEachin,4553,2017-01-03 07:15:10,False
Donald_McEachin,1778,2012-01-09 07:09:57,False
RepMcGovern,11477,2011-01-24 19:18:36,False
McGovernMA,2002,2010-04-01 20:37:40,False
PatrickMcHenry,5242,2009-03-30 16:42:39,False
McHenryCampaign,1154,2012-02-02 19:10:01,False
MikeMcIntyreNC,338,2009-06-22 17:14:41,False
mckeon4congress,182,2012-04-11 18:50:38,False
chairmanmckeon,65,2015-11-05 23:17:04,False
RepMcKinley,6791,2011-01-19 22:29:00,False
cathymcmorris,11607,2008-12-08 23:17:15,False
TeamCMR,1132,2010-04-08 04:15:54,False
RepMcNerney,2531,2011-10-05 13:52:58,False
jerrymcnerney,550,2010-08-09 18:55:49,False
MarthaMcSally,1969,2012-02-03 22:46:04,False
RepMarkMeadows,148,2018-03-18 02:33:49,False
MarkMeadows,4141,2012-11-22 02:20:50,False
PatMeehanPA,477,2010-01-11 14:30:53,False
SenatorMenendez,13247,2009-01-06 21:01:12,False
BobMenendezNJ,3326,2011-11-07 15:08:13,False
RepGraceMeng,5245,2012-12-31 20:28:41,False
Grace4NY,6522,2012-05-04 22:35:04,False
SenJeffMerkley,11384,2009-04-06 13:38:39,False
JeffMerkley,3315,2010-12-05 16:03:18,False
micaforcongress,159,2012-04-25 15:21:00,False
RepJohnMica,0,2011-09-14 14:52:33,True
MikeHMichaud,759,2009-02-02 17:42:15,False
Michaud2014,686,2013-06-10 22:42:40,False
SenatorBarb,4646,2010-04-12 20:06:38,False
askgeorge,2515,2007-07-09 22:04:23,False
CandiceMiller,874,2008-06-30 19:41:17,False
GaryMillerCA,835,2012-02-02 18:34:23,False
RepGaryMiller,288,2010-06-14 18:12:40,False
RepBradMiller,387,2011-01-04 16:37:27,False
RepJeffMiller,516,2013-01-04 20:01:32,False
RepPaulMitchell,1979,2016-12-21 18:01:14,False
RepMoolenaar,882,2014-07-31 21:09:14,False
JohnMoolenaar,295,2009-05-19 20:11:06,False
RepAlexMooney,2401,2015-01-06 17:13:10,False
MooneyforWV,867,2013-06-07 21:33:53,False
RepGwenMoore,8164,2009-03-03 20:02:57,False
Gwen4Congress,2515,2012-08-27 16:03:04,False
JerryMoran,6197,2009-01-05 14:25:22,False
Jim_Moran,1743,2009-06-15 19:00:16,False
sethmoulton,11554,2011-02-07 03:35:59,False
teammoulton,5102,2015-03-13 14:26:54,False
RepMullin,3644,2013-01-04 12:43:55,False
MarkwayneMullin,1159,2011-09-01 23:10:14,False
lisamurkowski,9308,2008-12-11 21:55:19,False
LisaForSenate,1019,2010-06-02 23:58:26,False
ChrisMurphyCT,21949,2010-05-31 01:22:43,False
SenMurphyOffice,1208,2014-10-31 20:54:02,False
PatrickMurphyFL,3362,2011-03-06 20:59:33,False
RepStephMurphy,3866,2016-11-09 02:51:57,False
SMurphyCongress,1309,2016-06-21 21:47:51,False
PattyMurray,18456,2011-05-04 20:23:35,False
MurrayCampaign,4308,2010-06-22 19:55:00,False
RepJerryNadler,6984,2009-05-15 18:37:39,False
JerryNadler,1127,2011-11-09 22:46:48,False
gracenapolitano,3263,2010-06-30 19:48:06,False
RepRichardNeal,2410,2011-12-21 14:18:30,False
RepMcLeod,415,2012-12-21 21:13:04,False
Negrete_McLeod,58,2012-08-03 01:02:30,False
BenNelson2012,5,2011-03-01 18:00:31,False
SenBillNelson,1575,2009-02-11 15:44:25,False
NelsonForSenate,898,2012-04-16 17:10:06,False
RandyNeugebauer,3875,2009-04-22 17:46:22,False
RandyforTexas,118,2010-01-27 19:31:52,False
RepNewhouse,2336,2014-12-18 20:19:23,False
KristiNoem,3300,2010-02-15 07:08:18,False
USRepRickNolan,2913,2013-01-02 17:51:28,False
RickNolanMN,1667,2011-07-07 20:02:04,False
DonaldNorcross,8175,2015-03-27 20:08:34,False
DonNorcross4NJ,1105,2014-02-12 21:22:26,False
RepRalphNorman,1839,2017-06-29 17:38:35,False
RalphNorman,272,2009-07-31 22:02:39,False
RepRichNugent,68,2011-01-10 17:48:59,False
RepDevinNunes,205,2011-07-29 21:40:22,False
DevinNunes,2969,2009-07-07 02:04:34,False
AlanNunnelee,1,2009-04-27 03:55:12,False
Nunnelee2012,228,2009-10-20 17:08:46,False
RepOHalleran,4393,2016-12-12 21:02:11,False
TomOHalleran,502,2014-06-17 21:38:19,False
RepPeteOlson,10158,2009-02-04 13:40:57,False
PeteOlson,2158,2008-01-26 18:38:31,False
RepBetoORourke,4129,2013-01-30 14:52:51,False
BetoORourke,8081,2011-07-26 18:05:52,False
BillOwensNY,1910,2010-12-15 21:49:24,False
CongPalazzo,4834,2011-05-16 20:52:25,False
StevenPalazzo,594,2010-02-23 02:53:10,False
FrankPallone,15681,2009-04-16 13:51:56,False
pallonefornj,1657,2013-03-13 20:49:49,False
USRepGaryPalmer,2335,2014-11-04 22:58:38,False
Palmer4Alabama,1260,2014-01-17 23:44:32,False
RepJimmyPanetta,3577,2016-11-10 15:29:45,False
JimmyPanetta,466,2015-11-13 23:14:17,False
BillPascrell,6521,2009-09-15 17:54:32,False
PascrellforNJ,602,2012-03-05 18:35:52,False
PastorForAZ,115,2010-01-27 04:54:41,False
RandPaul,13806,2010-11-17 23:52:35,False
DrRandPaul,1585,2009-05-13 21:07:01,False
RonPaul,8329,2011-04-24 23:20:55,False
RepErikPaulsen,0,2019-04-15 13:54:51,False
Erik_Paulsen,1272,2009-11-10 19:30:47,False
Payne10thNJ,12,2010-10-05 18:41:07,False
RepDonaldPayne,5977,2013-02-06 22:52:35,False
DonaldPayneJr,35,2012-05-05 16:58:37,False
Pearce4NM,1681,2009-05-10 02:28:39,False
Mike_Pence,9384,2009-02-27 23:04:51,False
sendavidperdue,4512,2014-11-05 20:58:02,False
Perduesenate,2921,2013-05-02 15:43:16,False
RepPerlmutter,6623,2009-02-10 22:17:52,False
Ed4Colorado,1736,2010-01-15 23:16:12,False
RepScottPerry,3907,2009-01-08 18:29:58,False
Perry4Congress,111,2012-02-04 02:48:54,False
RepScottPeters,11488,2013-01-30 23:28:14,False
ScottPetersSD,6003,2011-05-03 22:25:55,False
SenGaryPeters,6961,2011-01-10 19:17:36,False
collinpeterson,199,2010-02-19 14:27:10,False
chelliepingree,5476,2008-06-02 20:29:56,False
RepPittenger,8349,2012-11-15 19:31:22,False
RobertPittenger,1374,2012-02-19 16:23:12,False
JoePitts4PA,208,2010-02-04 19:23:07,False
repmarkpocan,7524,2013-02-21 22:59:04,False
MarkPocan,3375,2011-06-01 13:46:02,False
JudgeTedPoe,5601,2009-09-14 16:40:24,False
RepPoliquin,1603,2014-12-19 21:32:47,False
BrucePoliquin,1342,2009-04-27 21:39:58,False
jaredpolis,7261,2008-07-09 03:04:04,False
RepJaredPolis,2880,2012-01-13 19:19:17,False
PolisForCO,2146,2012-06-05 19:10:00,False
senrobportman,18164,2009-01-12 20:56:42,False
robportman,6745,2014-07-08 20:33:43,False
congbillposey,1350,2009-03-18 15:05:42,False
RepDavidEPrice,5508,2010-06-14 19:44:06,False
DPrice4Congress,187,2012-01-12 16:13:53,False
RepTomPrice,5317,2007-06-04 19:24:39,False
PryorForSenate,991,2013-04-04 01:13:54,False
benquayle,867,2011-01-14 22:17:10,False
bquayle,565,2010-02-10 02:49:32,False
RepMikeQuigley,13453,2009-07-15 00:10:43,False
treyradel,12502,2008-11-05 21:29:34,False
RepNickRahall,294,2014-02-05 17:16:37,False
cbrangel,7062,2009-02-19 16:17:10,False
charlesbrangel,18,2017-09-12 20:32:48,False
RepRaskin,8907,2016-12-08 17:00:41,False
jamie_raskin,2474,2012-04-09 21:56:43,False
RepTomReed,3581,2011-02-16 00:03:43,False
TomReedCongress,1994,2009-08-05 08:26:03,False
SenJackReed,6503,2012-02-08 15:24:01,False
dennyrehberg,0,2010-05-31 14:50:47,True
rehbergcampaign,49,2009-06-17 15:22:41,False
SenatorReid,4058,2008-10-15 19:42:08,False
RepJimRenacci,4481,2011-01-11 17:20:35,False
JimRenacci,3562,2014-02-10 20:49:38,False
SilvestreReyes,1514,2010-02-17 16:59:07,False
RepRibble,4331,2011-01-04 18:55:59,False
RepKathleenRice,3658,2015-01-09 21:18:27,False
KathleenRice,1241,2009-10-14 18:28:29,False
RepTomRice,2222,2013-01-03 17:35:05,False
RepRichmond,2735,2011-03-17 17:30:45,False
CedricRichmond,1057,2010-05-10 21:02:57,False
RepScottRigell,4631,2010-12-01 16:41:57,False
SenatorRisch,2108,2013-01-16 18:58:23,False
RepRivera,703,2011-01-08 22:58:21,False
SenPatRoberts,6991,2009-09-18 19:34:56,False
PatRoberts,1431,2012-05-21 17:43:08,False
RepMarthaRoby,9113,2010-12-08 16:56:29,False
TeamRoby,1202,2009-08-26 20:29:48,False
senrockefeller,0,2016-03-09 15:58:22,False
DrPhilRoe,3654,2009-06-30 20:07:34,False
RepHalRogers,3902,2012-04-10 19:59:22,False
RepMikeRogers,4110,2010-06-17 17:32:16,False
RepMikeRogersAL,5599,2009-04-21 17:43:28,False
MikeRogersCamp,398,2009-09-21 16:33:45,False
DanaRohrabacher,13096,2009-01-18 08:35:01,False
ToddRokita,6225,2008-11-21 20:10:51,False
RepRooney,1049,2017-01-03 02:39:21,False
FrancisRooney,540,2015-12-02 17:10:34,False
TomRooney,3536,2009-03-12 15:44:41,False
Rooney4Congress,8,2009-08-26 14:16:16,False
RosenforNevada,2247,2016-01-12 20:33:06,False
PeterRoskam,7058,2009-02-04 00:11:56,False
RosLehtinen,32805,2008-04-01 14:59:30,False
MikeRossUpdates,264,2010-01-29 19:36:56,False
KeithRothfus,6133,2013-02-06 21:51:36,False
SenatorRounds,4050,2015-01-01 20:23:49,False
RepDavidRouzer,1483,2012-09-19 20:23:15,False
DavidRouzer,1399,2010-03-30 17:36:09,False
RepRoybalAllard,7536,2012-01-31 21:30:43,False
RepEdRoyce,4290,2011-02-03 12:40:15,False
EdRRoyce,800,2010-08-23 18:25:34,False
marcorubio,13531,2008-08-06 03:07:06,False
Dr_RaulRuiz,196,2011-11-10 21:23:33,False
RepJonRunyan,742,2011-06-01 20:22:57,False
Call_Me_Dutch,4514,2011-05-26 14:39:08,False
RepBobbyRush,4271,2011-05-25 20:59:25,False
BobbyLRushMC,1086,2012-02-15 19:56:44,False
RepRussell,649,2015-01-07 21:24:35,False
SteveRussellOK,179,2014-02-27 14:35:07,False
RepRutherfordFL,1447,2017-02-07 14:42:24,False
JRutherfordFL,377,2016-05-20 14:56:05,False
RepTimRyan,8473,2008-02-14 21:57:32,False
TimRyan,6142,2012-01-17 14:24:26,False
SpeakerRyan,14735,2009-01-12 21:31:25,False
PRyan,2294,2012-08-02 23:34:52,False
KenSalazar,102,2013-01-23 00:05:03,False
salmoncongress,909,2011-04-14 00:19:25,False
LorettaSanchez,2915,2010-01-25 19:08:10,False
Loretta2016,664,2015-05-19 22:50:59,False
RepLindaSanchez,4649,2011-06-06 16:50:45,False
SenSanders,21629,2009-04-07 13:02:35,False
BernieSanders,18107,2010-11-17 17:53:52,False
RepSanfordSC,2478,2013-06-11 01:55:44,False
MarkSanford,1924,2009-04-02 21:21:51,False
RepSarbanes,3126,2011-08-29 18:44:47,False
JohnSarbanes,796,2011-03-01 18:27:51,False
SenSasse,911,2015-01-05 22:39:56,False
BenSasse,8888,2013-06-03 23:18:20,False
SteveScalise,11522,2013-02-22 18:10:47,False
janschakowsky,9655,2009-03-13 16:03:17,False
RepSchakowsky,2268,2009-10-28 19:48:06,False
brianschatz,15529,2009-06-16 21:54:28,False
SenBrianSchatz,1762,2013-03-12 14:23:20,False
RepAdamSchiff,5753,2009-04-07 17:54:35,False
RepSchneider,4350,2013-01-08 19:59:14,False
Schneider4IL10,3244,2011-04-06 12:23:04,False
aaronschock,2494,2009-03-12 14:04:15,False
RepSchrader,2762,2009-02-10 21:04:21,False
VoteSchrader,88,2014-07-31 23:19:19,False
SenSchumer,17634,2008-11-19 20:10:20,False
chuckschumer,386,2013-09-16 21:08:18,False
allysonschwartz,996,2013-04-08 02:05:45,False
RepDavid,4606,2010-12-21 19:48:02,False
DavidSchweikert,2049,2009-02-21 19:29:13,False
AustinScottGA08,3117,2011-01-06 16:01:46,False
BobbyScott,6480,2010-07-01 19:57:00,False
repdavidscott,2999,2010-07-20 14:10:32,False
Electdavidscott,587,2010-07-24 15:32:34,False
SenatorTimScott,8884,2010-11-19 20:34:30,False
votetimscott,1292,2009-10-09 20:07:32,False
JimPressOffice,1709,2012-09-28 19:31:33,False
RepJoseSerrano,5150,2009-04-20 16:06:56,False
serranocongress,51,2016-07-19 01:00:59,False
PeteSessions,6293,2009-03-16 17:54:52,False
SessionsforTX32,7,2019-11-16 04:22:47,False
RepTerriSewell,6284,2011-09-27 20:47:50,False
Sewell4Congress,871,2009-08-27 15:55:56,False
SenatorShaheen,9752,2010-01-28 15:22:44,False
TeamSheaPorter,5311,2010-06-10 13:38:17,False
RepSheaPorter,1401,2010-03-25 01:42:47,False
SenShelby,2652,2009-02-17 17:53:43,False
ShelbyForSenate,207,2015-10-21 18:42:04,False
BradSherman,2629,2009-04-10 13:38:03,False
RepShimkus,10422,2008-07-25 17:01:16,False
JohnMShimkus,40,2015-12-07 22:08:01,False
shuler4congress,0,2009-09-26 04:34:01,False
HeathShuler5,231,2017-07-19 18:18:15,False
CongMikeSimpson,1444,2009-09-21 20:26:26,False
MikeSimpson4ID,361,2011-06-09 22:26:12,False
kyrstensinema,16398,2009-02-13 04:32:46,False
RepSires,4914,2009-01-06 21:22:37,False
AlbioSiresNJ,49,2012-04-03 20:06:55,False
louiseslaughter,3411,2009-08-05 15:53:07,False
VoteLouiseNY,445,2012-01-03 14:47:26,False
SenTinaSmith,3333,2017-12-13 17:43:41,False
TinaSmithMN,5575,2009-06-16 19:48:15,False
LamarSmithTX21,348,2008-08-14 21:53:40,False
TexansforLamar,527,2013-10-01 00:50:20,False
RepAdamSmith,4760,2009-07-21 21:31:55,False
electadamsmith,520,2009-06-25 22:18:05,False
RepAdrianSmith,3973,2011-05-10 12:52:01,False
RepChrisSmith,1161,2013-03-22 18:03:53,False
RepJasonSmith,3666,2013-07-26 16:13:03,False
JasonSmithMO,4260,2009-03-26 01:26:16,False
RepSmucker,4483,2009-05-20 18:31:13,False
LloydSmuckerPA,339,2015-11-17 20:19:06,False
OlympiaSnoweME,121,2011-03-30 03:20:36,False
SenatorSnowe,221,2011-01-27 20:52:38,False
RepDarrenSoto,4752,2017-01-10 06:57:55,False
DarrenSoto,2266,2013-09-04 22:22:37,False
Rep_Southerland,672,2011-01-13 16:28:13,False
SoutherlandFL02,399,2010-02-24 18:01:34,False
SenArlenSpecter,580,2009-02-04 18:38:52,False
RepSpeier,6666,2009-03-17 17:02:38,False
JackieSpeier,1327,2012-03-11 22:20:51,False
SenStabenow,4965,2009-09-22 21:30:16,False
stabenow,2195,2009-02-05 01:56:00,False
PeteStark,5,2013-02-25 16:44:44,False
RepCliffStearns,650,2009-02-04 20:22:53,False
RepStefanik,5296,2015-01-05 22:17:51,False
EliseStefanik,9424,2010-01-29 14:56:38,False
RepChrisStewart,3856,2013-01-08 21:08:19,False
StewartforUtah,924,2011-10-21 16:45:05,False
RepSteveStivers,3584,2010-11-03 05:57:36,False
stevestivers,971,2009-07-23 17:53:37,False
SteveWorks4You,19693,2013-01-04 01:39:09,False
StockmanSenate,3058,2012-03-01 04:49:02,False
SenatorStrange,484,2017-02-09 20:49:11,False
lutherstrange,2043,2008-06-17 02:02:08,False
RepStutzman,1080,2010-11-04 16:00:16,False
MarlinStutzman,1466,2009-03-15 15:44:45,False
GoMarlin,1509,2009-05-07 13:39:22,False
SenDanSullivan,3151,2014-11-05 21:25:42,False
USRepSullivan,616,2009-02-19 19:24:53,False
TEAMSullivan,174,2009-11-19 19:58:30,False
JohnSununu,66,2009-03-08 14:07:20,False
GovernorSununu,1307,2012-08-14 17:51:03,False
RepTomSuozzi,1485,2017-01-04 17:58:38,False
Tom_Suozzi,1859,2009-01-12 17:30:03,False
BettySutton,1236,2010-04-22 22:01:38,False
RepSwalwell,13571,2012-11-11 20:26:01,False
ericswalwell,7003,2011-09-21 21:00:22,False
MarkTakai,690,2012-04-25 11:42:13,False
RepMarkTakano,4521,2012-12-26 14:58:17,False
MarkTakano,354,2011-06-13 01:36:11,False
Scotttaylorva,11456,2009-05-25 03:04:08,False
RepTenney,1695,2016-11-11 22:15:16,False
claudiatenney,9819,2012-08-14 02:26:00,False
LEETERRYNE,4077,2008-12-22 21:14:05,False
SenatorTester,5170,2012-03-05 20:13:29,False
jontester,3639,2008-09-26 19:59:20,False
BennieGThompson,2767,2009-10-14 20:47:03,False
CongressmanGT,7916,2009-01-14 04:54:58,False
RepThompson,10722,2011-05-23 14:58:06,False
MacTXPress,1359,2011-09-21 18:42:06,False
MacThornberry,239,2013-01-31 18:21:11,False
SenJohnThune,6177,2011-05-10 16:41:48,False
johnthune,492,2009-03-25 16:40:28,False
PatTiberi,3704,2012-10-29 15:02:02,False
TeamTiberi,416,2010-02-16 13:49:53,False
RepTierney,1776,2011-10-03 16:10:47,False
SenThomTillis,5215,2015-01-06 14:22:18,False
ThomTillis,3206,2009-02-27 21:49:53,False
RepTipton,3682,2011-01-25 20:01:25,False
ScottRTipton,725,2008-12-11 21:13:03,False
dinatitus,7537,2008-12-05 20:49:41,False
repdinatitus,12718,2010-03-11 21:05:31,False
RepPaulTonko,12516,2009-10-21 17:24:57,False
PaulTonko,4377,2010-06-09 19:04:08,False
SenToomey,5056,2010-11-29 22:32:09,False
PatToomey,3463,2009-03-23 18:48:49,False
NormaJTorres,8584,2011-01-10 06:30:14,False
Norma4Congress,1342,2014-03-24 19:45:00,False
EdTowns,472,2010-03-22 20:57:13,False
EdolphusTowns,2,2011-01-25 17:04:46,False
nikiinthehouse,22,2019-07-30 06:04:20,False
RepMikeTurner,3007,2009-06-26 21:15:07,False
MikeTurnerOH,436,2011-09-26 19:08:06,False
USRepBobTurner,390,2011-09-28 21:06:23,False
MarkUdall,3936,2007-08-11 19:18:18,False
SenatorTomUdall,7499,2009-07-28 06:10:29,False
tomudall,669,2008-03-13 16:08:46,False
RepFredUpton,7398,2010-03-18 17:34:35,False
UptonForAllOfUs,1239,2010-06-08 19:01:16,False
RepDavidValadao,1071,2013-01-28 16:19:14,False
dgvaladao,592,2009-04-30 14:37:10,False
ChrisVanHollen,5406,2008-12-15 15:00:29,False
VanHollenForMD,1082,2015-03-03 14:43:00,False
RepJuanVargas,2580,2013-03-11 19:04:01,False
juanf_vargas,4085,2011-07-08 23:02:29,False
RepVeasey,4725,2013-01-09 15:49:27,False
MarcVeasey,1672,2009-02-12 16:05:17,False
RepFilemonVela,1876,2013-01-12 16:24:06,False
FilemonVela,168,2012-08-29 21:33:28,False
NydiaVelazquez,8894,2010-07-08 18:18:20,False
ReElectNydia,3776,2016-04-16 00:06:17,False
RepVisclosky,1937,2010-09-22 21:24:46,False
TeamVisclosky,273,2015-07-17 17:33:01,False
DavidVitter,8375,2009-01-15 16:49:46,False
senatorvitter,0,2009-02-04 20:54:26,False
georgevoinovich,520,2012-01-04 15:36:05,False
RepAnnWagner,4050,2013-01-01 00:01:45,False
AnnLWagner,1727,2010-11-23 18:00:37,False
RepWalberg,5200,2011-01-13 20:26:26,False
repgregwalden,3310,2009-04-16 17:31:34,False
RepMarkWalker,6258,2015-01-07 16:20:28,False
Walker4NC,1490,2011-12-13 22:14:12,False
RepWalorski,5373,2013-01-06 15:41:40,False
jackiewalorski,3040,2008-04-27 23:31:05,False
JohnWalsh,242,2013-09-27 22:06:01,False
MimiWaltersCA,275,2014-02-05 00:25:07,False
RepTimWalz,3813,2013-03-12 20:27:45,False
Tim_Walz,2730,2009-10-28 02:36:26,False
MarkWarner,9920,2007-07-12 14:03:33,False
SenatorWarner,52,2009-02-01 16:11:28,False
SenWarren,5968,2012-11-25 15:14:27,False
DWStweets,10761,2010-02-20 17:35:01,False
RepDWStweets,5135,2013-02-01 20:31:25,False
MaxineWaters,1641,2015-04-14 15:17:01,False
RepMaxineWaters,3169,2009-04-30 15:17:45,False
RepBonnie,7443,2015-01-08 20:18:16,False
WaxmanClimate,808,2012-08-27 20:31:16,False
WaxmanHenry,97,2012-07-27 16:41:03,False
JimWebbUSA,1891,2014-08-19 22:21:32,False
TXRandy14,3306,2013-01-03 15:30:06,False
WeberforTexas,992,2011-09-14 21:07:08,False
RepWebster,3518,2011-04-13 13:47:05,False
WebsterCongress,847,2010-04-24 05:33:40,False
repweiner,481,2009-10-22 18:28:44,False
PeterWelch,2492,2013-05-07 16:10:47,False
RepBradWenstrup,5991,2012-03-08 16:25:14,False
bradwenstrup,1771,2011-06-09 03:16:15,False
AllenWest,15421,2011-01-12 19:27:31,False
RepWesterman,5561,2014-10-31 03:57:48,False
bruce_westerman,1308,2011-07-26 12:05:50,False
WestermanAR,2468,2013-07-14 04:16:49,False
Westmoreland_GA,4293,2010-04-26 17:19:38,False
SenWhitehouse,14449,2011-01-25 01:52:03,False
RepEdWhitfield,1066,2011-01-06 21:36:56,False
SenatorWicker,6331,2011-03-11 14:59:01,False
RogerWicker,3618,2007-12-30 05:22:57,False
RepRWilliams,5679,2013-01-10 19:21:22,False
RogerWilliamsTX,2214,2008-12-17 19:38:09,False
RepJoeWilson,3076,2011-02-18 15:18:45,False
RepWilson,14008,2011-01-04 17:08:09,False
RobWittman,6622,2008-07-08 18:25:49,False
ReElectWittman,818,2009-06-10 18:23:29,False
RepWOLFPress,350,2011-01-12 20:12:13,False
rep_stevewomack,8224,2011-01-05 18:53:03,False
womack4congress,678,2010-02-09 07:30:30,False
RepRobWoodall,1407,2014-03-10 21:01:47,False
RepLynnWoolsey,0,2015-11-29 08:45:26,False
lynnwoolsey,199,2009-04-27 14:45:20,False
DavidWu2010,28,2010-09-15 01:01:40,False
RonWyden,10050,2011-02-10 16:08:15,False
WydenForOregon,283,2010-03-11 17:33:48,False
RepJohnYarmuth,4397,2011-10-04 15:07:38,False
kevinyoder,11,2011-02-16 00:04:41,False
RepTedYoho,1928,2013-01-08 20:25:18,False
TedYoho,1405,2011-03-29 21:17:43,False
RepDavidYoung,4770,2011-06-09 21:48:45,False
YoungForIowa,2595,2013-05-26 05:20:13,False
repdonyoung,2079,2009-05-01 18:31:38,False
DonYoungAK,472,2014-06-10 16:58:46,False
SenToddYoung,6294,2011-01-04 22:35:16,False
ToddYoungIN,6151,2009-07-25 03:36:56,False
RepLeeZeldin,3636,2014-08-20 19:25:47,False
leezeldin,6111,2008-08-16 17:35:57,False
RepRyanZinke,1187,2014-12-31 17:32:01,False
RyanZinke,1582,2013-09-26 02:31:43,False
RepKirkpatrick,1913,2019-01-04 17:24:57,False
gregstantonaz,7316,2010-11-21 23:15:19,False
RepJoshHarder,1500,2019-01-03 15:39:30,False
RepTjCox,1601,2019-01-03 17:17:54,False
TJCoxCongress,1006,2017-07-06 06:07:55,False
RepKatieHill,1271,2018-11-29 22:42:02,False
KatieHill4CA,4547,2017-03-07 21:28:29,False
RepGilCisneros,2100,2019-01-04 00:36:00,False
GilCisnerosCA,2049,2017-06-19 20:07:49,False
RepKatiePorter,1299,2019-01-04 16:16:27,False
katieporteroc,3029,2012-06-24 16:29:31,False
HarleyRouda,7676,2009-03-31 02:12:52,False
RepMikeLevin,1423,2018-12-10 14:21:12,False
RepJoeNeguse,2909,2018-12-28 20:29:29,False
JoeNeguse,1345,2013-06-24 03:30:41,False
RepJasonCrow,1625,2019-01-01 19:59:44,False
JasonCrowCO6,1463,2017-04-10 16:49:51,False
JahanaHayesCT,1249,2018-05-02 16:48:13,False
JahanaHayes,726,2016-01-12 23:34:41,False
RepJahanaHayes,1941,2019-01-07 01:26:40,False
michaelgwaltz,4742,2012-09-19 16:23:47,False
RossSpano,863,2012-06-11 16:04:50,False
gregsteube,762,2009-02-25 21:52:12,False
DebbieforFL,2747,2016-07-04 19:21:41,False
DonnaShalala,1365,2016-05-31 18:58:08,False
RepShalala,2365,2018-11-08 17:28:17,False
lucymcbath,1451,2018-01-01 22:22:33,False
RepEdCase,869,2019-01-05 00:44:02,False
EdCaseHawaii,1356,2009-02-24 07:42:14,False
RepRussFulcher,693,2018-12-28 19:58:05,False
RussFulcher,671,2010-07-31 00:59:35,False
RepChuyGarcia,2618,2019-01-08 00:04:27,False
ChuyForCongress,2262,2014-10-28 02:20:00,False
SeanCasten,12846,2009-08-18 21:17:08,False
RepUnderwood,1360,2019-01-02 19:00:52,False
LaurenUnderwood,2054,2017-06-06 18:20:00,False
GregPenceIN,602,2017-07-26 02:39:58,False
RepFinkenauer,628,2019-01-04 18:29:24,False
Abby4Iowa,2760,2013-03-12 13:51:32,False
RepCindyAxne,1245,2019-01-03 16:38:10,False
Axne4Congress,1080,2017-05-24 21:39:18,False
Steve4Kansas,525,2010-04-03 18:06:36,False
Rep_Watkins,851,2019-01-02 03:38:10,False
sharicedavids,1822,2018-01-10 04:48:41,False
RepDavids,1171,2019-01-02 17:28:11,False
RepGolden,716,2019-01-03 18:20:30,False
golden4congress,423,2017-08-24 00:35:03,False
RepDavidTrone,1953,2019-01-02 21:15:37,False
davidjtrone,1483,2016-01-27 01:12:55,False
RepLoriTrahan,3904,2018-12-31 18:12:28,False
latrahan,415,2008-12-01 15:27:16,False
RepPressley,2567,2019-01-02 21:58:51,False
AyannaPressley,21971,2009-04-14 01:06:07,False
RepSlotkin,933,2018-12-27 21:25:10,False
ElissaSlotkin,763,2017-05-05 17:33:05,False
Andy_Levin,1361,2009-02-17 03:45:20,False
RepAndyLevin,1336,2019-01-02 01:39:39,False
HaleyLive,12994,2011-10-15 15:40:39,False
RepHaleyStevens,2142,2018-12-21 17:04:56,False
RashidaTlaib,14069,2011-12-12 23:07:37,False
RepRashida,924,2018-12-31 16:01:33,False
JimHagedornMN,2035,2013-09-04 20:04:14,False
RepAngieCraig,1674,2019-01-01 22:00:55,False
AngieCraigMN,2034,2011-11-14 00:01:21,False
deanbphillips,899,2009-05-14 01:32:09,False
RepDeanPhillips,1507,2018-11-10 17:30:23,False
IlhanMN,15483,2012-08-27 04:21:41,False
Ilhan,2328,2019-01-07 17:53:13,False
PeteStauber,1283,2017-07-06 21:06:11,False
RepPeteStauber,712,2018-12-20 19:09:37,False
GuestCongress,610,2018-01-17 22:03:38,False
RepMichaelGuest,732,2019-01-04 17:38:26,False
SusieLeeNV,2690,2012-06-08 15:21:57,False
RepSusieLee,3665,2018-12-29 17:08:23,False
RepChrisPappas,1521,2018-11-28 11:54:50,False
ChrisPappasNH,3112,2012-05-08 19:11:57,False
VanDrewForNJ,375,2017-11-29 06:26:51,False
CongressmanJVD,515,2019-01-10 21:02:14,False
AndyKimNJ,1523,2009-03-13 17:54:05,False
Malinowski,2786,2016-12-20 15:58:49,False
MikieSherrill,2062,2013-07-08 14:13:48,False
RepSherrill,1622,2019-01-02 21:01:06,False
Deb4CongressNM,12148,2011-04-23 02:39:36,False
XochforCongress,338,2011-12-04 02:33:05,False
RepTorresSmall,743,2019-01-03 14:16:50,False
MaxRose4NY,2842,2017-08-01 21:06:00,False
RepMaxRose,1252,2018-12-28 16:40:02,False
AOC,10684,2010-04-28 22:38:40,False
repdelgado,2140,2019-01-02 15:27:18,False
DelgadoforNY19,4515,2017-02-07 20:18:33,False
ABrindisiNY,4866,2012-10-31 00:54:36,False
RepBrindisi,1866,2019-01-04 00:04:52,False
Armstrong_ND,319,2018-02-17 22:56:27,False
RepArmstrongND,1972,2019-01-02 17:27:12,False
RepAGonzalez,823,2018-10-22 14:39:37,False
anthonygonzalez,943,2017-08-22 16:03:06,False
RepKendraHorn,881,2019-01-09 15:15:21,False
HornForCongress,1006,2017-06-30 18:06:42,False
HoulahanForPa,966,2017-03-29 14:48:00,False
RepHoulahan,1578,2018-10-18 12:18:11,False
Meuser4Congress,429,2017-08-31 20:31:45,False
RepMeuser,805,2019-01-02 21:21:21,False
JohnJoyceForPA,172,2018-03-01 21:46:52,False
RepJohnJoyce,871,2019-01-07 16:24:21,False
reschenthaler,728,2012-01-28 23:48:42,False
GReschenthaler,1849,2015-11-16 22:15:01,False
JoeCunninghamSC,2220,2017-02-01 00:33:15,False
RepCunningham,1237,2019-01-01 20:26:50,False
RepTimmons,544,2018-12-31 16:06:47,False
VoteTimmons,190,2018-01-31 01:21:59,False
DustyJohnson,1105,2010-05-05 18:45:58,False
timburchett,18910,2011-08-12 20:08:19,False
RepTimBurchett,671,2018-08-13 04:04:35,False
JohnRoseforTN,1334,2017-08-08 15:18:42,False
RepJohnRose,457,2019-01-04 22:11:59,False
DrMarkGreen4TN,1499,2009-11-29 14:42:35,False
RepMarkGreen,1798,2019-01-02 14:53:54,False
DanCrenshawTX,1639,2017-11-14 21:46:32,False
RepDanCrenshaw,861,2019-01-03 18:33:28,False
VanTaylorTX,5374,2009-02-25 02:34:41,False
RepVanTaylor,527,2018-12-18 14:48:37,False
Lancegooden,483,2018-08-13 19:56:08,False
ron4congress,89,2018-01-12 21:36:46,False
RepRonWright,902,2019-01-03 15:54:32,False
Lizzie4Congress,1442,2017-04-25 23:10:51,False
RepEscobar,4047,2018-12-19 22:26:42,False
vgescobar,9596,2009-05-10 00:30:04,False
chiproytx,34693,2013-03-10 18:36:29,False
RepChipRoy,2769,2019-01-09 00:06:11,False
LaCongresista,15705,2009-05-16 22:43:33,False
RepSylviaGarcia,3397,2019-01-02 22:10:54,False
ColinAllredTX,2976,2011-08-02 02:56:31,False
RepColinAllred,1314,2018-12-27 18:21:10,False
BenMcAdams,1646,2009-06-18 05:15:10,False
ElaineLuriaVA,1628,2018-01-07 21:06:23,False
RepElaineLuria,2040,2019-01-02 02:39:41,False
Denver4VA,1548,2017-01-09 17:20:10,False
RepRiggleman,1589,2019-01-02 16:40:09,False
RepBenCline,735,2018-12-10 15:57:26,False
Cline4Virginia,1132,2009-05-15 15:37:07,False
SpanbergerVA07,4367,2017-07-06 13:45:00,False
RepSpanberger,2453,2018-12-28 21:55:19,False
JenniferWexton,3704,2013-11-24 18:38:14,False
RepWexton,2345,2018-07-13 17:15:12,False
DrKimSchrier,772,2017-05-10 19:44:53,False
RepKimSchrier,733,2019-01-02 13:55:16,False
CarolMillerWV,411,2012-09-23 16:26:12,False
RepCarolMiller,799,2019-01-04 22:37:26,False
RepBryanSteil,1740,2018-12-19 01:46:28,False
RepHarley,1084,2018-12-18 17:29:52,False
RepGregStanton,795,2019-01-03 17:54:19,False
RepMichaelWaltz,2732,2019-01-07 23:20:25,False
RepRossSpano,1039,2019-01-29 19:18:02,False
RepGregSteube,807,2019-01-09 22:17:33,False
RepDMP,4033,2019-01-03 21:36:46,False
RepLucyMcBath,778,2019-01-07 20:56:25,False
RepCasten,1917,2019-01-10 21:14:57,False
RepJimBaird,377,2019-01-18 17:36:49,False
RepGregPence,823,2019-01-07 20:12:27,False
RepHagedorn,1061,2019-01-10 21:24:53,False
RepAndyKimNJ,1324,2018-12-28 21:57:06,False
RepMalinowski,643,2019-01-03 18:45:46,False
RepDebHaaland,3355,2019-01-03 05:21:40,False
RepBenMcAdams,4638,2010-09-28 23:18:15,False
RepDean,3415,2012-04-30 20:07:23,False
RepAOC,267,2018-12-29 19:59:11,False
